{"name":"t:sections.footer.name","type":"footer","sections":{"da6fbc2c-eaaa-46eb-9e9b-4bad10219400":{"type":"custom-liquid","settings":{"custom_liquid":"","color_scheme":"inverse","padding_top":40,"padding_bottom":52}},"footer":{"type":"footer","blocks":{"footer-0":{"type":"link_list","settings":{"heading":"Quick links","menu":"footer"}},"f2df7bb1-dc3d-41ae-8bc9-8d04279f5b2b":{"type":"text","settings":{"heading":"Heading","subtext":"<p>Share contact information, store details, and brand content with your customers.<\/p>"}},"footer-1":{"type":"link_list","settings":{"heading":"Info","menu":"footer"}},"footer-2":{"type":"text","settings":{"heading":"","subtext":"<p>Share contact information, store details, and brand content with your customers.<\/p>"}}},"block_order":["footer-0","f2df7bb1-dc3d-41ae-8bc9-8d04279f5b2b","footer-1","footer-2"],"settings":{"color_scheme":"inverse","newsletter_enable":true,"newsletter_heading":"Subscribe To Our VIP List","enable_follow_on_shop":false,"show_social":true,"enable_country_selector":true,"enable_language_selector":true,"payment_enable":true,"show_policy":true,"margin_top":48,"padding_top":36,"padding_bottom":36}},"aa074e90-9f6c-4532-b11b-dcdc8a01e95b":{"type":"custom-liquid","settings":{"custom_liquid":"","color_scheme":"inverse","padding_top":40,"padding_bottom":52}},"e34f179a-ed9e-4af9-96e8-c3eb73928442":{"type":"custom-liquid","settings":{"custom_liquid":"","color_scheme":"inverse","padding_top":40,"padding_bottom":52}},"00f29649-3afd-4cf1-8642-6db8967a94ca":{"type":"custom-liquid","settings":{"custom_liquid":"","color_scheme":"inverse","padding_top":40,"padding_bottom":52}},"c2225a4c-8400-4084-8088-695097c38428":{"type":"custom-liquid","settings":{"custom_liquid":"","color_scheme":"inverse","padding_top":40,"padding_bottom":52}},"e1dcd559-725b-49d5-a9a3-2c7a9c900773":{"type":"custom-liquid","settings":{"custom_liquid":"","color_scheme":"inverse","padding_top":40,"padding_bottom":52}},"9b3a3f32-d33a-43bf-9551-09f0be9dcc6e":{"type":"newsletter","blocks":{"sections--17931342217495__9b3a3f32-d33a-43bf-9551-09f0be9dcc6e-16765534984a17ed2b-0":{"type":"heading","settings":{"heading":"Subscribe to our emails","heading_size":"h1"}},"sections--17931342217495__9b3a3f32-d33a-43bf-9551-09f0be9dcc6e-16765534984a17ed2b-1":{"type":"paragraph","settings":{"text":"<p>Be the first to know about new collections and exclusive offers.<\/p>"}},"sections--17931342217495__9b3a3f32-d33a-43bf-9551-09f0be9dcc6e-16765534984a17ed2b-2":{"type":"email_form","settings":{}}},"block_order":["sections--17931342217495__9b3a3f32-d33a-43bf-9551-09f0be9dcc6e-16765534984a17ed2b-0","sections--17931342217495__9b3a3f32-d33a-43bf-9551-09f0be9dcc6e-16765534984a17ed2b-1","sections--17931342217495__9b3a3f32-d33a-43bf-9551-09f0be9dcc6e-16765534984a17ed2b-2"],"settings":{"color_scheme":"inverse","full_width":true,"padding_top":40,"padding_bottom":52}}},"order":["da6fbc2c-eaaa-46eb-9e9b-4bad10219400","footer","aa074e90-9f6c-4532-b11b-dcdc8a01e95b","e34f179a-ed9e-4af9-96e8-c3eb73928442","00f29649-3afd-4cf1-8642-6db8967a94ca","c2225a4c-8400-4084-8088-695097c38428","e1dcd559-725b-49d5-a9a3-2c7a9c900773","9b3a3f32-d33a-43bf-9551-09f0be9dcc6e"]}