{"sections":{"34c0eac8-4104-4a32-8b6b-f3493d695582":{"type":"image-banner","blocks":{"template--17931341889815__34c0eac8-4104-4a32-8b6b-f3493d695582-1676579267b4eb8d0c-0":{"type":"heading","disabled":true,"settings":{"heading":"Image banner","heading_size":"h1"}},"template--17931341889815__34c0eac8-4104-4a32-8b6b-f3493d695582-1676579267b4eb8d0c-1":{"type":"text","disabled":true,"settings":{"text":"Give customers details about the banner image(s) or content on the template.","text_style":"body"}},"template--17931341889815__34c0eac8-4104-4a32-8b6b-f3493d695582-1676579267b4eb8d0c-2":{"type":"buttons","settings":{"button_label_1":"[ENTER]","button_link_1":"shopify:\/\/collections\/all","button_style_secondary_1":true,"button_label_2":"","button_link_2":"","button_style_secondary_2":false}}},"block_order":["template--17931341889815__34c0eac8-4104-4a32-8b6b-f3493d695582-1676579267b4eb8d0c-0","template--17931341889815__34c0eac8-4104-4a32-8b6b-f3493d695582-1676579267b4eb8d0c-1","template--17931341889815__34c0eac8-4104-4a32-8b6b-f3493d695582-1676579267b4eb8d0c-2"],"settings":{"image":"shopify:\/\/shop_images\/1.webp","image_overlay_opacity":0,"image_height":"medium","desktop_content_position":"middle-center","show_text_box":false,"desktop_content_alignment":"center","color_scheme":"inverse","mobile_content_alignment":"center","stack_images_on_mobile":true,"show_text_below":true}},"39c06d7c-9adc-4c4c-ae2c-9bcfb2559ab1":{"type":"image-banner","settings":{"image":"shopify:\/\/shop_images\/1.webp","image_overlay_opacity":0,"image_height":"medium","desktop_content_position":"middle-center","show_text_box":true,"desktop_content_alignment":"center","color_scheme":"inverse","mobile_content_alignment":"center","stack_images_on_mobile":true,"show_text_below":true}}},"order":["34c0eac8-4104-4a32-8b6b-f3493d695582","39c06d7c-9adc-4c4c-ae2c-9bcfb2559ab1"]}