{"sections":{"main":{"type":"main-product","blocks":{"title":{"type":"title","settings":{}},"price":{"type":"price","settings":{}},"variant_picker":{"type":"variant_picker","settings":{"picker_type":"button"}},"quantity_selector":{"type":"quantity_selector","settings":{}},"buy_buttons":{"type":"buy_buttons","settings":{"show_dynamic_checkout":true}},"description":{"type":"description","settings":{}},"share":{"type":"share","settings":{"share_label":"Share"}},"ad5aaf67-c15b-4eb1-99cc-f99681ad474a":{"type":"shopify:\/\/apps\/textbox-textfield-by-textify\/blocks\/app-block\/b5626f69-87af-4a23-ada4-1674452f85d0","settings":{"featured_product":"3d-logos"}}},"block_order":["title","price","variant_picker","quantity_selector","buy_buttons","description","share","ad5aaf67-c15b-4eb1-99cc-f99681ad474a"],"settings":{"enable_sticky_info":true,"media_size":"large","constrain_to_viewport":true,"media_fit":"contain","gallery_layout":"stacked","media_position":"left","image_zoom":"lightbox","mobile_thumbnails":"hide","hide_variants":true,"enable_video_looping":true,"padding_top":36,"padding_bottom":12}},"related-products":{"type":"related-products","settings":{"heading":"You may also like","heading_size":"h2","products_to_show":4,"columns_desktop":4,"color_scheme":"background-1","image_ratio":"square","show_secondary_image":true,"show_vendor":false,"show_rating":false,"columns_mobile":"2","padding_top":36,"padding_bottom":28}}},"order":["main","related-products"]}